people,embassy fee
people,hostel reservation
people,family constellation therapy
people,financial assistance to the earthquake victims
people,auction
people,financial assistance to ukraine
people,dating app subscription
people,donation to the hospital
people,financial aid for incarcerated individuals
people,the disbursement of economic contributions
people,aid for the homeless
people,aid to families in financial difficulty
people,school building funds
people,funds for the construction of churches
people,funds for the construction of hospitals
people,protest banners
people,cost of the funeral
people,payment of the coffin
people,conference
people,charity
people,donation
people,monthly wage
people,monthly income
people,tip
people,personal loan
people,hotel room
people,payment hotel bill
people,pasport fee
people,visa procedure payment
people,loan to employees with construction fund
people,honor loan for students
people,quicktrip application payment
people,biweekly paycheck
people,paying for nursing home care
people,financial aid for welfare
people,donate to the orphanage
people,registration for first aid training
people,job bonus
people,the payment of my debt to Alberto
people,payment for the photography
people,payment for photo editing
people,identity card cost
people,the cost of the psychologist's visit
people,payment for the lawyer
people,the cost of the consulting services
people,payment for the immigration agency
people,cost of employment
people,retirement payment
people,subsidy
people,government bonus
home,construction company
home,door lock
home,roof waterproofing
home,home ceramics
home,chandelier
home,mirror for the rooms
home,curtains for the kitchen and rooms
home,pvc floor
home,decorative window stickers
home,wireless doorbell
home,digital door peephole
home,video intercom
home,clothes hanger
home,shoebox
home,doormat
home,carpet
home,rug
home,pillows
home,cushions
home,blanket
home,umbrella stand
home,door stop
home,door hanger
home,home slippers
home,house loans
home,sun awnings
home,sun blinds for the balcony
home,window film
home,weather stripping seal
home,the house inspection fee
home,under door draught excluder
home,outdoor mailbox 
home,incense sticks
home,incense sticks holder
home,white duvet
home,apron
home,tablecloth
home,mattress topper
home,clock for the room
home,digital alarm clock
home,house entrance carpet
home,artificial hanging plants for home decoration
home,artificial flowers for the house decoration
home,transparent vase to decorate the room
home,round cork coasters
home,tile stickers
home,home posters
home,glass jug
home,wallpaper
home,floor stickers
pets,the cost of the veterinary visit
pets,pet food
pets,cost of animals
pets,cat food
pets,dog food
pets,pet shop
pets,travel bowls for pets
pets,dog coat
pets,pet carrier
pets,pet door
pets,kennel
pets,dog robe
pets,dog bathrobe
pets,pet duffle bag carrier
pets,dog toys
pets,cat toys
pets,pet supplies
pets,animal products
pets,pet adoption fee
pets,dog bed
pets,pet clothing
pets,car harness for the dog
pets,dog gate barriers
pets,dog leash
pets,dog lead
pets,poop bags
pets,dog shampoo
pets,cat shampoo
pets,dog toothpaste and toothbrush
pets,bird cage
pets,food and water bowls for the pet
pets,bird bath
pets,bird toys
pets,dog car leash
pets,dog collar
pets,veterinary nursing course fee
pets,dog grooming cost
pets,snack for dogs
pets,snack for cats
pets,medications for pets
pets,dog training courses fee
pets,pet sitting fee
pets,dog vaccinations
pets,dog tag
pets,cat tag
pets,dog haircut
pets,dog dental cleaning cost
pets,dog vitamins
pets,dog walker payment
pets,pet boarding fee
pets,cost to sterilize the dog
pets,dog surgery fee
pets,pet collar
food,food truck
food,bottle store
food,getir
food,uber eats
food,just eat
food,fast food
food,junk food
food,vending machine
food,too good to go application
food,sandwiches
food,glovo
food,deliveroo app
food,everli app
food,cookbooks
food,cook natural book
food,recipes book
food,the garden cookbook
food,the big book of fish
food,The big book of meat
food,easy and delicious cookbook
food,vegan street food
food,food container
food,thermal container
food,container for food preparation
food,work lunch box
food,chopsticks
food,lunch bag
food,vegetable and meat machine
food,sushi tool
food,diy sushi kit
food,sushi mat
food,bamboo sushi mat
food,rice vinegar for sushi
food,using the coffee machine
food,sushi nori
food,french fries
food,ice cream
food,slushy
food,fruit milkshake
food,fruit smoothies
food,banana milk
food,12oz
food,bubble tea
food,mcdrive
food,kfc drive
food,hot dog
food,cotton candy
food,popcorn
food,candy shop
food,candies
education,library
education,stationery shopping
education,tuition fee
education, renew stamp for student residence permit
education,print
education,university admission fee
education,university application fee
education,scholarship payment
education,ielts registration
education,toefl registration
education,cambridge registration
education,laboratory equipment
education,books for university
education,filed trip
education,stamp for transcript
education,kindergarden registration
education,gre registration
education,registration fee for the programming competition
education,official translation of scholarship documents
education,translation fee of the documents for university enrollment
education,the expenses related to the thesis project
education,annual university reward for merit students
education,registration fee for til exam 
education,registration fee for tolc exam 
education,university entrance exam registration fee
education,student insurance
education,private school fee
education,school uniform
education,homework expenses
education,english course
education,italian course
education,language course fee
education,mathematics course fee
education,physics course fee
education,chemistry course fee
education,conduct books
education,kindle
education,shopping for the university project
education,shopping for the school project
education,textbooks
education,school backpack
education,print card
education,printer
education,printer cartridge
education,graduation gown
education,educational expenses
education,calculator for university
education,equipment for scientific experiment
education,research expenses
education,payment of research grants
health and fitness,decathlon
health and fitness,sportswear
health and fitness,vitamins
health and fitness,protein
health and fitness,dumbbell
health and fitness,sneakers
health and fitness,personal trainer monthly payment
health and fitness,fitness club registration
health and fitness,fitness center membership
health and fitness,foam roller
health and fitness,frisbee
health and fitness,hiking boots
health and fitness,treadmill
health and fitness,punching bag
health and fitness,rock climbing shoes
health and fitness,dance course
health and fitness,diet tracking app
health and fitness,foot soaker tub
health and fitness,ab carver
health and fitness,kettlebellconnect
health and fitness,weightlifting Belt
health and fitness,resistance bands
health and fitness,workout bench
health and fitness,gym bench
health and fitness,barbell
health and fitness,fitness classes
health and fitness,nike training club membership
health and fitness,meditation course fee
health and fitness,diet book
health and fitness,fee for the dietary visit
health and fitness,health coach payment
health and fitness,zumba course
health and fitness,sports tape
health and fitness,finger grip
health and fitness,adjustable hand grip sports resistance
health and fitness,sport knee support
health and fitness,jump rope
health and fitness,sports leggings
health and fitness,sports fitness clothing
health and fitness,stepper
health and fitness,adjustable resistance rowing machine
health and fitness,fitness school booking
health and fitness,fitness book
health and fitness,hyperextension chair
health and fitness,magnetic recumbent bike
health and fitness,fitness elastic bands with handles
health and fitness,fitness health body fat caliper
health and fitness,speed chute parachute for training
health and fitness,diet and fitness diary book
health and fitness,diet program fee
health and fitness,hula hoop
fashion and beauty,barbershop
fashion and beauty,haircut
fashion and beauty,body laser
fashion and beauty,beauty shop
fashion and beauty,cosmetics shopping
fashion and beauty,plastic surgery
fashion and beauty,nail polish
fashion and beauty,hair dye
fashion and beauty,kiko
fashion and beauty,clothing
fashion and beauty,h&m
fashion and beauty,zara
fashion and beauty,bershka
fashion and beauty,victoria's secret
fashion and beauty,pull and bear
fashion and beauty,hair products
fashion and beauty,skin products
fashion and beauty,perfume
fashion and beauty,body care products
fashion and beauty,facial care products
fashion and beauty,purchases from lush
fashion and beauty,peel off masks
fashion and beauty,beautician visit fee
fashion and beauty,clothing designer wage
fashion and beauty,tailor wage
fashion and beauty,fashion show ticket
fashion and beauty,botox injections
fashion and beauty,mascara
fashion and beauty,eyelashes
fashion and beauty,eyeshadow palette
fashion and beauty,face oil
fashion and beauty,lipstick
fashion and beauty,bodysuit
fashion and beauty,moisturizing gel
fashion and beauty,hydrating gel
fashion and beauty,high heels
fashion and beauty,stilettos
fashion and beauty,face cream
fashion and beauty,after sun gel
fashion and beauty,sunscreen
fashion and beauty,silk pajamas
fashion and beauty,caboodles
fashion and beauty,spanx
fashion and beauty,cheek tint
fashion and beauty,scrunchies for hair
fashion and beauty,bracelet
fashion and beauty,necklace
fashion and beauty,jewelry
fashion and beauty,beautyblender
fashion and beauty,hairbrush
fashion and beauty,lip balm
transports,bicycle subscription
transports,scooter subscription
transports,gtt subscription
transports,flight ticket
transports,bus ticket
transports,train ticket
transports,itabus
transports,taxi
transports,shipping cost
transports,postage cost
transports,public transport
transports,snow chains
transports,sfm ticket
transports,engine oil
transports,uber ride
transports,ride share
transports,ride fee
transports,motorcycle helmet
transports,gtt fine
transports,lime scooter subscription
transports,daily public transport ticket
transports,weekly public transport ticket
transports,subway ticket
transports,metro ticket
transports,ryanair
transports,flix bus
transports,boat ticket
transports,ferry ticket
transports,car purchase
transports,motorcycle purchase
transports,last-mile delivery cost
transports,transportation costs for the meeting
transports,travel expenses payment
transports,terminal allowance
transports,extra-urban transportation cost
transports,roadside assistance cost
transports,car wheels
transports,transport trolley
transports,automatic quad atv
transports,bicycle
transports,bike helmet
transports,child car seat
transports,waterproof cargo bag
transports,car roof rack
transports,car cross bars
transports,car trailer
transports,trenitalia
transports,motorcycle box tail trunk
transports,telecabin ticket
transports,sidecar motorcycle
transports,carriage ticket
transports,vespa scooter
entertainment,netflix
entertainment,amazon video
entertainment,water park
entertainment,spotify
entertainment,apple music
entertainment,cinema ticket
entertainment,movie ticket
entertainment,concert ticket
entertainment,football match ticket 
entertainment,swimming pool
entertainment,escape room
entertainment,theater ticket
entertainment,museum ticket
entertainment,amusement park
entertainment,museum membership 
entertainment,disney+ subscription
entertainment,casinos and gambling
entertainment,video games
entertainment,harry potter legacy game
entertainment,zoo ticket
entertainment,science fiction genre books
entertainment,horror genre books
entertainment,disneyland ticket
entertainment,ballet show ticket
entertainment,piano concert ticket
entertainment,vr
entertainment,ps5
entertainment,ps4
entertainment,playstation
entertainment,art exhibits
entertainment,festival ticket
entertainment,trade show ticket
entertainment,carnival
entertainment,wax museum
entertainment,air show ticket
entertainment,cabaret
entertainment,circus ticket
entertainment,stand-up comedy ticket
entertainment,discotheque ticket
entertainment,fireworks
entertainment,ice show
entertainment,opera
entertainment,puzzle
entertainment,lego shop
entertainment,bbq with my friends 
entertainment,disco entrance
entertainment,paintball tickets
entertainment,paraglider ticket
entertainment,balloon tickets
entertainment,zipline ticket
entertainment,bungee jumping ticket
entertainment,karting ticket
waterworks,city water charges
waterworks,plumber's wage 
waterworks,water pipe
waterworks,faucets for the bathroom
waterworks,bathroom and kitchen taps
waterworks,tip for the plumber
waterworks,water filtration system
waterworks,replacing the water pipes
waterworks,installation of the toilet flush
waterworks,water bill
waterworks,water discharges
waterworks,kitchen faucet
waterworks,water bill penalty
waterworks,sewage services
waterworks,sewer system charge
waterworks,fee for cooling tower services
waterworks,plumbing compliance fee
waterworks,water operating expenses
waterworks,water mangement
waterworks,water miscellaneous expenses
waterworks,drinking water bonus
waterworks,drinking water bottlels
waterworks,water and expenses in case of private garden
waterworks,wirquin products
waterworks,hose
waterworks,yard hose rack
waterworks,water collector
waterworks,rain barrel protection net
waterworks,rian barrel
waterworks,rain water collection system
waterworks,rain water submersible pump
waterworks,brush for water recycling
waterworks,automatic watering system
waterworks,water recycling tools
waterworks,water containers
waterworks,water tank with tap
waterworks,water pressure tank
waterworks,water pump for the house
waterworks,solar powered water pump
waterworks,monoblock centrifugal pump
waterworks,water cooler
waterworks,cold water dispenser
waterworks,automatic watering system
waterworks,drip irrigation system
waterworks,water fountains
waterworks,automatic water sprinklers
waterworks,lawn sprinklers
waterworks,irrigation heads
waterworks,nozzle for irrigation diffusers
waterworks,water detector
waterworks,water flow switch
waterworks,water base fire extinguishing systems
heating,gas company
heating,heating bill provided by Iren
heating,reimbursement of heating bonus
heating,heating bill
heating,heating bill penalty
heating,gas water heater
heating,gas heater
heating,gas stove for the kitchen 
heating,gas oven for the kitchen
heating,radiators
heating,radiators installation
heating,fee for heating services
heating,costs for the modernization of the district heating system
heating,heating operating cost
heating,heating system
heating,heat pump installment fee
heating,boiler system cost
heating,water heater installation
heating,condensing boiler
heating,energy saving fan heater
heating,oil cooler with thermostat
heating,infrared heating
heating,heatable velvet tartan plaid
heating,air heating
heating,outdoor heater
heating,low consumption heating lamp
heating,infrared heat spot lamp for reptiles
heating,heating pads
heating,heating thermostat
heating,heating cushion
heating,heating pilow
heating,microcomputer heating plate
heating,heating station
heating,heatable scarf
heating,heater
heating,portable air conditioner
heating,convector
heating,thermal belt
heating,heated vest
heating,heating spotlight
heating,valve heating pump assembly kit
heating,heated thermal blanket
heating,heating carpet
heating,heating for seedlings with thermostat
heating,heated gloves
heating,towel warmer
heating,pet heating mat
heating,heated magnetic stirrers
heating,neck warmer
heating,wifi thermostat for gas water boiler
heating,heating mat
heating,heated insoles
electric energy,power company
electric energy,electricity bill
electric energy,electric parking door
electric energy,electric garage door
electric energy,electrical security system
electric energy,reimbursement of electric energy bonus
electric energy,television bill
electric energy,tv license fee
electric energy,electricity bill penalty
electric energy,electric car charging
electric energy,emergency electricity fee
electric energy,retail electricity costs
electric energy,batteries
electric energy,electricity storage cost
electric energy,electricity generation cost
electric energy,solar panels to produce electricity
electric energy,electricity consumption meter
electric energy,electric shower
electric energy,electricity charge payment
electric energy,portable electric air compressor
electric energy,adapter charger
electric energy,usb charger
electric energy,power adapter
electric energy,travel power adapter
electric energy,wireless charger
electric energy,ultra hd cable
electric energy,usb type-c cable
electric energy,connecting cable
electric energy,multi charging cable
electric energy,power cord
electric energy,wire
electric energy,coated galvanized iron wire
electric energy,speaker cable
electric energy,extension cord
electric energy,power bank
electric energy,portable solar generator
electric energy,electricity generator
electric energy,power generator
electric energy,portable inverter generator
electric energy,voltage regulator generator
electric energy,lithium button battery
electric energy,replacement battery for hp
electric energy,emergency manual loader
electric energy,multi socket power strip
electric energy,retractable multiple sockets
electric energy,half flashlight alkaline batteries
electric energy,quick charger for joysticks
electric energy,fast charger
electric energy,usb converter
electric energy,external hard disk
electric energy,electric shocking keychain
electric energy,rechargeable led flashlight
electric energy,electric flashlight
electric energy,lamp
telephone and internet,phone company
telephone and internet,internet service provider
telephone and internet,simcard
telephone and internet,ho subscription
telephone and internet,tim subscription 
telephone and internet,iliad subscription
telephone and internet,renewal of wifi contract
telephone and internet,wifi
telephone and internet,monthly internet subscription payment
telephone and internet,modem
telephone and internet,tim adsl
telephone and internet,cloud storage
telephone and internet,internet bill
telephone and internet,payphone
telephone and internet,public telephone
telephone and internet,wifi installments
telephone and internet,wifi activation fee
telephone and internet,internet activation fee
telephone and internet,phone case
telephone and internet,vodafone subscription
telephone and internet,internet set-up cost
telephone and internet,call cost
telephone and internet,internet router
telephone and internet,phone supplies
telephone and internet,wireless phone charger
telephone and internet,phone screen
telephone and internet,cell phone screen protectors
telephone and internet,apple store
telephone and internet,windtre subscription
telephone and internet,minimalist mobile phone with buttons
telephone and internet,iphone
telephone and internet,galaxy note 9
telephone and internet,honor 8x
telephone and internet,phone internet plug extension
telephone and internet,internet phone adopter
telephone and internet,nokia
telephone and internet,cordless phone
telephone and internet,huawei mobile
telephone and internet,travsim
telephone and internet,patches for ethernet lan
telephone and internet,directional antenna
telephone and internet,network cable
telephone and internet,usb stick for phone
telephone and internet,voip gateway
telephone and internet,5g antenna
telephone and internet,outdoor mobile phone signal booster stickers
telephone and internet,ethernet adapter
telephone and internet,wiFi extender wireless repeater
telephone and internet,usb car charger
telephone and internet,car phone holder
telephone and internet,samsung a23
cleaning,soap
cleaning,carwash
cleaning,tissue
cleaning,cleaning brush 
cleaning,mop
cleaning,scotch-brite
cleaning,glass cleaner
cleaning,dust mitt
cleaning,cleaning gloves
cleaning,floor cleaner
cleaning,scrub brush
cleaning,laundry soap
cleaning,bleach
cleaning,liquid soap
cleaning,broom
cleaning,dustpan
cleaning,laundry
cleaning,carpet washing
cleaning,washing machine powder
cleaning,dish detergent
cleaning,dishwasher soap
cleaning,multi-purpose cleaner
cleaning,multi-surface spray cleaner
cleaning,toilet wand
cleaning,toilet bowl cleaner
cleaning,bathroom cleaners
cleaning,house cleaning tools
cleaning,cleaning wipes
cleaning,dustproof gloves
cleaning,towels
cleaning,car cleaning tools
cleaning,ear cleaning
cleaning,nail polish remover
cleaning,nail clipper
cleaning,nail file
cleaning,body scrub sponge
cleaning,bath body sponge
cleaning,hair shampoo
cleaning,body shampoo
cleaning,shower shampoo
cleaning,sneaker cleaner
cleaning,pc keyboard cleaning kit
cleaning,lens cleaning kit
cleaning,upholstery cleaner
cleaning,body razor
cleaning,shave foam
cleaning,car cleaning gel for interiors
cleaning,window cleaner
cleaning,cleaning bucket
cleaning,baby diapers
cleaning,baby wet wipes
cleaning,quick clean microwave bags 
cleaning,window groove cleaning cloth
cleaning,vacuum cleaner bags
cleaning,trash bags
cleaning,trash can
rent,monthly rent
rent,car rental
rent,shop rent
rent,bicycle rental
rent,house rental
rent,garden rent
rent,apartment rent
rent,sixt car rental
rent,avis car rental
rent,firefly car rental
rent,scooter rental
rent,rental of student accommodation
rent,monthly dorm rental
rent,payment of the rental of the villa
rent,the cost of renting the wedding dress
rent,residential rent payment
rent,wedding venue rental payment
rent,advertisement for renting the house
rent,rental income
rent,security deposit
rent,leasing payment
rent,payment of the increased rental fee
rent,land rent and indemnity
rent,rental of rustic funds
rent,lease of agricultural land
rent,company lease fee
rent,the revenue stamp on the rental receipt
rent,rent deductions for tenants
rent,rental fee
rent,lease and business unit rental agreements
rent,agreed rental agreement
rent,transitional lease agreement
rent,lease agreement for university students
rent,free-of-charge contract
rent,refund of the rental deposit
rent,deposit in the lease
rent,warehouse rental payment
rent,hustle renting
rent,truck rental deductible
rent,equipment rental fee
rent,camera rental
rent,kitchen rental
rent,office rental
rent,studio apartment rental
rent,duplex apartment rental
rent,two-room rental
rent,three rooms apartment rental
rent,rent the hall for the party
rent,movie rental
rent,laboratory rental
rent,temporary rental
"appliances, furniture and garden",furniture from ikea
"appliances, furniture and garden",mud leaves
"appliances, furniture and garden",green manure
"appliances, furniture and garden",fertilizer
"appliances, furniture and garden",hoe tools
"appliances, furniture and garden",garden soil
"appliances, furniture and garden",flower seed
"appliances, furniture and garden",fence
"appliances, furniture and garden",sofa
"appliances, furniture and garden",couch
"appliances, furniture and garden",furniture
"appliances, furniture and garden",fridge
"appliances, furniture and garden",television
"appliances, furniture and garden",tv
"appliances, furniture and garden",refrigerator
"appliances, furniture and garden",houseware
"appliances, furniture and garden",gardening shovel
"appliances, furniture and garden",gardening tools
"appliances, furniture and garden",gardening clothing
"appliances, furniture and garden",gardening gloves
"appliances, furniture and garden",pesticide
"appliances, furniture and garden",balance
"appliances, furniture and garden",cooking scale
"appliances, furniture and garden",steam iron
"appliances, furniture and garden",ironing board
"appliances, furniture and garden",vacuum cleaner
"appliances, furniture and garden",microwave
"appliances, furniture and garden",air fryer
"appliances, furniture and garden",kitchen hood
"appliances, furniture and garden",washing machine 
"appliances, furniture and garden",portable washing machine
"appliances, furniture and garden",steam mop
"appliances, furniture and garden",dishwasher
"appliances, furniture and garden",teapot
"appliances, furniture and garden",coffee machine
"appliances, furniture and garden",dining table
"appliances, furniture and garden",chairs
"appliances, furniture and garden",desk
"appliances, furniture and garden",beds for rooms
"appliances, furniture and garden",drawers
"appliances, furniture and garden",closets and their installation fee
"appliances, furniture and garden",cabinets
"appliances, furniture and garden",mattress
"appliances, furniture and garden",weed killer
"appliances, furniture and garden",sprinkler
"appliances, furniture and garden",lawnmower
"appliances, furniture and garden",plates
"appliances, furniture and garden",toaster
"appliances, furniture and garden",kitchen sink
"appliances, furniture and garden",armchair
"appliances, furniture and garden",radio
"appliances, furniture and garden",blender
"appliances, furniture and garden",speakers for the tv
"appliances, furniture and garden",home appliances
"appliances, furniture and garden",planetary assistant
mortgage,mortgage Payment
mortgage,mortgage of the house
mortgage,mortgage of the shop
mortgage,mortgage of the parking
mortgage,lease expenses 
mortgage,the fee to extend the house contract 
mortgage,operating lease expenses
mortgage,consolidated lease expenses
mortgage,arrangement fee for the mortgage
mortgage,mortgage booking fee
mortgage,valuation fee of the house for the mortgage
mortgage,telegraphic transfer fee
mortgage,mortgage exit fee
mortgage,mortgage closure fee
mortgage,appraisal fee
mortgage,redemption charges
mortgage,mortgage account fee
mortgage,penalty for missed mortgage payments
mortgage,mortgage broker fee
mortgage,mortgage opening fee
mortgage,interest on the mortgage balance
mortgage,mortgage registration fee
mortgage,real estate appraisal costs for the mortgage
mortgage,financial advisory fee for the mortgage
mortgage,cost for the loan investigation
mortgage,mortgage management fee
mortgage,annual mortgage renewal fee
mortgage,early repayment fees for the loan
mortgage,notary fee for the mortgage
mortgage,mortgage origination fee
mortgage,fee for checking the real estate register
mortgage,mortgage cancellation fees
mortgage,mortgage guarantee fee
mortgage,mortgage renegotiation fee
mortgage,charges for the communication of changes to the loan
mortgage,loan exchange fee
mortgage,credit brokerage fees received on mortgages
mortgage,mortgage from the bank
mortgage,real estate agency commissions
mortgage,interpreter for settlement meeting at the notary
mortgage,sale of real estate
mortgage,notary fees
mortgage,national mortgage inspection
mortgage,brokerage fee
mortgage,building inspection
mortgage,investigation costs
mortgage,valuation costs
mortgage,mortgage deed fees
mortgage,fees for taking out and arranging the mortgage
mortgage,land lease redemption
condominium fees,monthly condominium fee
condominium fees,window cleaning of the building
condominium fees,snow removal fee
condominium fees,the administration cost of the building
condominium fees,condominium corporation payment
condominium fees,payment for the building amenities
condominium fees,monthly payment for usage of the complex parking
condominium fees,payment for the building security cameras
condominium fees,payment for the guard of the building entrance
condominium fees,payment for the cleaning of the common areas of the building
condominium fees,elevator usage fee
condominium fees,leaf removal fee
condominium fees,lawn and tree care fee of the complex
condominium fees,utility hookup fees
condominium fees,landscaping fees
condominium fees,occupancy fees
condominium fees,lobby fees
condominium fees,stairs cleaning fee
condominium fees,lighting fee of the commons
condominium fees,annual review fee of condominium systems
condominium fees,salary of the director
condominium fees,building management costs
condominium fees,tariff for waste collection service management
condominium fees,electric lighting of the common areas
condominium fees,elevator installation fee
condominium fees,Expenses for inspection of fire extinguishers
condominium fees,monthly fee for hot water supply
condominium fees,monthly fee for central heating
condominium fees,fee for cleaning the condominium gardens
condominium fees,expenses for the management of the common areas
condominium fees,expenses for condominium telecommunications networks
condominium fees,cleaning fee for common areas
condominium fees,cost to install automatic doors
condominium fees,payment for outdoor lighting installations
condominium fees,expenses for the management of the concierge or caretaker service
condominium fees,fee for the legal consultancy service for condominium management
condominium fees,shared parking fee
condominium fees,condominium security
condominium fees,undivided interest of landlord
condominium fees,condominium garage fee
condominium fees,condominium operating fee
condominium fees,reserve fund
condominium fees,tax for the occupation of public spaces and areas
condominium fees,building fire protection fee
condominium fees,common parking cleaning fee
condominium fees,nameplate rings for the entrance
condominium fees,mailbox management fee
condominium fees,common entrance lock change
condominium fees,lobby decorations
condominium fees,condominium parking space
maintenance,central heating maintenance
maintenance,electricity maintenance
maintenance,socket maintenance
maintenance,telephone cord maintenance
maintenance,elevator maintenance 
maintenance,house maintenance
maintenance,car maintenance
maintenance,garden maintenance
maintenance,maintenance of fences
maintenance,building painting
maintenance,home repair
maintenance,motorcycle maintenance
maintenance,radiator maintenance
maintenance,home refurbishing
maintenance,house renovation
maintenance,car service
maintenance,chimney maintenance
maintenance,repairing the cracks in the walls
maintenance,repairing the air conditioner
maintenance,repairing the cabling
maintenance,wiring repair
maintenance,emergency repair fee
maintenance,expenses for maintenance and repairs of the building
maintenance,water systems of the building maintenance fee
maintenance,expenses for the replacement of lift ropes and pulleys
maintenance,expenses for the maintenance of fire extinguishers
maintenance,fees for garden maintenance
maintenance,sewer line repair
maintenance,sewer line replacement
maintenance,toilet flush replacement
maintenance,maintenance of a purifier
maintenance,replacement water filters
maintenance,water heater repair
maintenance,water based fire suppression system repair
maintenance,television repair
maintenance,laptop maintenance 
maintenance,car engine maintenance
maintenance,fixing the broken couch
maintenance,repairing the broken table
maintenance,changing the broken lock door
maintenance,bicycle maintenance
maintenance,motorcycle maintenance
maintenance,repairing the bed
maintenance,fixing the water leakage
maintenance,repair the wall cracks
maintenance,repairing the window glass
maintenance,repair settlement cracks
maintenance,warranty payment
maintenance,repairing broken phone screen
maintenance,tow truck fee
maintenance,inflate the bicycle tires
maintenance,maintenance of laboratory instruments
maintenance,measuring tools for predictive maintenance
maintenance,vehicle maintenance tools
investments,investment interest expense
investments,investment income
investments,loan for investment
investments,operating expense ratio
investments,investing in currency
investments,investment in bitcoins
investments,mutual fund for investment
investments,real estate investment trust
investments,bonds payment of investment
investments,stock payment
investments,exchange-traded funds
investments,index fund
investments,investments in commodities
investments,mutual fund
investments,invest in real estate in italy
investments,invest in the real estate market
investments,invest in bonds
investments,investment in stocks
investments,money trading
investments,financial investments
investments,trading income
investments,certificates of deposit
investments,exchange-traded index fund
investments,investment company payment
investments,term deposit
investments,fixed deposit
investments,alternative investments
investments,money market funds
investments,money market account
investments,trading commodity futures
investments,annuities payment
investments,index fund
investments,government bond payment
investments,investment in gold
investments,invest in natural gas
investments,gas trading
investments,investment in coins
investments,investment and retirement plan
investments,purchase of shares
investments,investment in raw materials
investments,debt securities and financial instruments
investments,investment in securities
investments,investment in the automotive sector
investments,investment in cryptocurrencies
investments,income from the stock market
investments,investing in clean energy
investments,investing in hybrid bonds
investments,invest in precious metals
investments,hedge fund
investments,investing in silver
fuel,heating fuel
fuel,heating oil
fuel,fuel to produce electricity      
fuel,refueling the car from exxon
fuel,refueling the car from bp
fuel,refueling the car from eni
fuel,refueling the car from shell
fuel,valero
fuel,sheetz
fuel,conoco
fuel,chevron
fuel,car fuel
fuel,gas for domestic use
fuel,fuel station
fuel,fuel supplies
fuel,fuel storage fee
fuel,fuel expenditures
fuel,petrol for motor vehicles
fuel,automotive diesel
fuel,home use gas
fuel,motorcycle fuel
fuel,lpg refueling
fuel,liquefied petroleum gas
fuel,cng refueling for vehicles
fuel,commercial vehicle fuel
fuel,fuel for hybrid vehicles
fuel,refueling of bioethanol for automotive
fuel,refueling of biodiesel for automotive
fuel,fuel distribution costs
fuel,service charge at the petrol station
fuel,fuel pump usage fee
fuel,fuel for industrial machinery
fuel,cost of storing fuel in the depot
fuel,refueling for the company fleet
fuel,petrol cans
fuel,fuel gauge
fuel,car fuel filter
fuel,petrol pump
fuel,push fit fitting for the fuel hose fitting
fuel,fuel transfer
fuel,line fuel tank cap
fuel,fuel mixture 20 liters
fuel,petrol pipe
fuel,combined fuel can
fuel,gasoline can gasket
fuel,spout for petrol
fuel,diesel filter
fuel,fuel door spring hinge
fuel,portable gas fuel tank
fuel,fuel tank cap
insurance,waterworks insurance
insurance,heating insurance
insurance,electric insurance
insurance,pet insurance
insurance,home insurance
insurance,mortgage insurance
insurance,dental Insurance
insurance,health insurance
insurance,life insurance
insurance,self-insurance
insurance,travel insurance
insurance,asl insurance
insurance,auto insurance
insurance,property insurance
insurance,term life insurance
insurance,general insurance
insurance,umbrella insurance
insurance,whole life insurance
insurance,critical illness insurance
insurance,business interruption insurance
insurance,disability insurance
insurance,home contents insurance
insurance,local health insurance
insurance,dog and cat insurance
insurance,flood insurance
insurance,earthquake insurance
insurance,income protection insurance
insurance,universal life insurance
insurance,long-term care insurance
insurance,insurance expenses
insurance,insurance guarantee
insurance,marine insurance
insurance,liability insurance
insurance,explosion and fire home insurance
insurance,fire and property damage insurance
insurance,heritage insurance
insurance,return policy payment
insurance,insurance package
insurance,accident insurance
insurance,insurance card fee
insurance,cyber insurance for individuals
insurance,intensive care insurance
insurance,life insurance in case of death
insurance,social insurance
insurance,insurance to support psychological well-being
insurance,daily sickness benefits insurance
insurance,third party home insurance
insurance,tenant liability insurance
insurance,insurance premium
insurance,fine for lack of insurance
"taxes, duties and commissions",phone tax
"taxes, duties and commissions",internet tax
"taxes, duties and commissions",heating tax
"taxes, duties and commissions",electricity tax
"taxes, duties and commissions",pets tax
"taxes, duties and commissions",departure tax
"taxes, duties and commissions",transportation tax
"taxes, duties and commissions",bin tax
"taxes, duties and commissions",home rental taxes
"taxes, duties and commissions",tax payment
"taxes, duties and commissions",real estate agent commission
"taxes, duties and commissions",university tax
"taxes, duties and commissions",income tax
"taxes, duties and commissions",capital gains tax
"taxes, duties and commissions",excise
"taxes, duties and commissions",corporate tax
"taxes, duties and commissions",wealth tax
"taxes, duties and commissions",property tax
"taxes, duties and commissions",sales tax
"taxes, duties and commissions",payroll tax
"taxes, duties and commissions",inheritance tax
"taxes, duties and commissions",turnover tax
"taxes, duties and commissions",consumption tax
"taxes, duties and commissions",atm fees
"taxes, duties and commissions",foreign transaction fees
"taxes, duties and commissions",overdraft fees
"taxes, duties and commissions",vehicle tax
"taxes, duties and commissions",food delivery tax
"taxes, duties and commissions",brokerage commission
"taxes, duties and commissions",school tax
"taxes, duties and commissions",tax regimes
"taxes, duties and commissions",taxation of certificates of deposit
"taxes, duties and commissions",corporate income tax
"taxes, duties and commissions",irpef payment
"taxes, duties and commissions",stamp duty and substitute tax
"taxes, duties and commissions",interest deduction on a loan
"taxes, duties and commissions",substitute tax payment
"taxes, duties and commissions",the taxation of loans
"taxes, duties and commissions",professional license fee
"taxes, duties and commissions",value added tax
"taxes, duties and commissions",corporate profit taxes
"taxes, duties and commissions",municipal taxes
"taxes, duties and commissions",environmental taxes
"taxes, duties and commissions",customs duties
"taxes, duties and commissions",import duties and taxes
"taxes, duties and commissions",dividend taxation
"taxes, duties and commissions",car tax
"taxes, duties and commissions",bank transaction commission
"taxes, duties and commissions",active commissions
"taxes, duties and commissions",tax refunds
"taxes, duties and commissions",
presents,presents
presents,gifts
presents,birthday gift
presents,gift card
presents,gift wrap
presents,gift ribbon
presents,gift box
presents,gift box supplements
presents,gift voucher
presents,gift pen
presents,apple gift card
presents,gifts for mother
presents,valentine's day gift
presents,ester eggs
presents,new year presents
presents,christmas presents
presents,mother's day gift
presents,father's day gift
presents,women's day gift
presents,candles
presents,birthday party hat
presents,balloons
presents,paper fan hanging decorations
presents,party decorations
presents,party metal curtains
presents,birthday ornaments
presents,tassel blowing
presents,burst party blowers
presents,wedding confetti tube
presents,party fountains
presents,birthday invitation cards
presents,wedding invitation cards
presents,anniversary invitation
presents,party tableware
presents,paper gift bags
presents,gift bag
presents,happy birthday banner
presents,helium foil balloon
presents,wedding present
presents,gift package
presents,pinata
presents,red valentine box in the shape of a heart
presents,flowers with gift box
presents,wine gift bags
presents,coffee gift box
presents,housewarming gift
presents,graduation gift
presents,gift for the new baby
presents,gift chocolate box
presents,sweets and snacks gift box
presents,perfume spray gift set
presents,baby shower gifts
parking and tolls,toll
parking and tolls,parking reservation fee
parking and tolls,parking fee
parking and tolls,electronic toll payment
parking and tolls,bridge toll
parking and tolls,parking card
parking and tolls,parking ticket
parking and tolls,parking fines
parking and tolls,parking at the mall
parking and tolls,paid parking lots
parking and tolls,telepass for motorway tolls
parking and tolls,monthly parking fee
parking and tolls,hourly rate for parking
parking and tolls,parking fine in restricted traffic area
parking and tolls,payment by credit card at the parking lot
parking and tolls,nightly parking fee
parking and tolls,motorway toll in foreign currency
parking and tolls,secure parking fee
parking and tolls,parking for electric vehicles
parking and tolls,parking for the disabled
parking and tolls,bicycle parking
parking and tolls,electronic toll gate
parking and tolls,parking fee for residents only
parking and tolls,toll based on vehicle class
parking and tolls,paid parking via mobile app
parking and tolls,rotating parking
parking and tolls,urban congestion charge
parking and tolls,parking reserved for season ticket holders
parking and tolls,parking lots
parking and tolls,parking post
parking and tolls,parking sensor
parking and tolls,parking lock with remote control lock
parking and tolls,private parking sign
parking and tolls,parking assistance
parking and tolls,parking barrier
parking and tolls,fixed parking bollards
parking and tolls,parking coupon
parking and tolls,disability parking card
parking and tolls,tunnel fee
parking and tolls,parking 24/7
parking and tolls,parking in turin
parking and tolls,parking in milan
parking and tolls,vertical parking
parking and tolls,covered parking
parking and tolls,airport parking fee
parking and tolls,parking limiter
parking and tolls,parking ticket clip
parking and tolls,rubber wheel stops for parking lots
parking and tolls,floor stand for bicycles
parking and tolls,bike parking
transfer,assignment of employee loans
transfer,atm withdrawal
transfer,bank refund
transfer,banking reward
transfer,automatic money transfers
transfer,periodical money transfers
transfer,third party transfer
transfer,transfer to the savings account
transfer,transfer to the retirement account
transfer,deposit money to the bank account
transfer,money transfer
transfer,giro transfer
transfer,transfer from card
transfer,continuous transfer
transfer,transfer from another bank
transfer,send money with plick
transfer,cash pickup
transfer,instant bank transfer
transfer,money transfers
transfer,International transactions
transfer,commercial transactions
transfer,wire money transfer
transfer,delayed transfer of securities dossier
transfer,ordinary bank transfer
transfer,bank check
transfer,cash a check
transfer,payments ach
transfer,sepa payment
transfer,national electronic funds transfer
transfer,rtgs money transfer
transfer,make payment to the bearer of the cheque
transfer,send money with paypal
transfer,transfer money from venmo to cash app
transfer,send money abroad
transfer,send money from a balance
transfer,money transfer with wise
transfer,send money on whatsapp with facebook pay
transfer,transfer with worldremit
transfer,transferring with google play balance from account
transfer,google pay to pay a friend
transfer,zelle to send and receive money
transfer,add money to a payoneer account
transfer,canceling a money transfer
transfer,international money transfers torfx
transfer,remittance of money
transfer,transfers to mobile wallets
transfer,skrill money transfer
transfer,send money transfers via the mobile app
transfer,funds transfer
transfer,interbank transfer
transfer,incoming transfer from overseas for personal expenses
groceries,bennet
groceries,u2 supermercato
groceries,carrefour
groceries,md
groceries,lidl
groceries,esselunga
groceries,cereal for breakfast
groceries,oatmeal
groceries,milk
groceries,eggs
groceries,butter
groceries,cheese
groceries,yogurt
groceries,salt
groceries,black pepper powder
groceries,cooking oil
groceries,vinegar
groceries,honey
groceries,paprika
groceries,cinnamon
groceries,pasta
groceries,rice
groceries,conserved corn
groceries,mozzarella cheese
groceries,conserved bean sprouts
groceries,olive oil
groceries,jam
groceries,tomato souse 
groceries,mayonnaise
groceries,spaghetti 500g
groceries,tortillas
groceries,instant noodles
groceries,soda
groceries,soft drink
groceries,bottles of peach tea
groceries,tea bags
groceries,bottles of water
groceries,ketchup
groceries,chips and dip
groceries,frozen pizza 
groceries,frozen nuggets
groceries,popsicles
groceries,ice cream
groceries,bbq sauce
groceries,hot sauce
groceries,jelly
groceries,pasta sauce
groceries,soy sauce
groceries,coffee capsules
groceries,pickles
groceries,garlic powder
groceries,cream cheese
groceries,chewing gum
groceries,lemon juice
groceries,ready meals
groceries,sugar
groceries,baking powder
groceries,vanilla powder
groceries,flour
butcher,skinless white meat
butcher,lean cuts of red meat
butcher,oily fish
butcher,salmon
butcher,mackerel
butcher,meat
butcher,ham
butcher,chicken
butcher,pig meat
butcher,cow meat
butcher,beef
butcher,bull meat
butcher,sheep meat
butcher,shrimps
butcher,prawn
butcher,octopus 
butcher,lobster
butcher,chicken breasts
butcher,ribeye steak
butcher,tenderloin steak
butcher,pork back ribs
butcher,ground chuck beef
butcher,thick sliced bacon
butcher,striploin steak
butcher,chicken wings
butcher,pork chop
butcher,chicken tenders raw
butcher,frozen miami ribs 
butcher,smoked sausage
butcher,ground chicken
butcher,lamb rack
butcher,chicken thighs
butcher,pork tenderloin
butcher,whole chicken
butcher,ground turkey
butcher,ground bison
butcher,duck breast
butcher,chicken legs
butcher,duck legs
butcher,hen
butcher,salami 
butcher,beef bone
butcher,beef cheek
butcher,peameal
butcher,pancetta
butcher,bacon
butcher,liver
butcher,kidney
butcher,cow tongue
butcher,veal ground
butcher,bone marrow
butcher,rib roast
butcher,rabbit legs
greengrocer,lettuce
greengrocer,potatoe
greengrocer,apple
greengrocer,orange
greengrocer,onion
greengrocer,garlic
greengrocer,tomato
greengrocer,leek
greengrocer,pineapple
greengrocer,banana
greengrocer,mushroom
greengrocer,cucumber
greengrocer,tangerine
greengrocer,fresh lemons
greengrocer,pear
greengrocer,peach
greengrocer,plum
greengrocer,spinach
greengrocer,mint
greengrocer,parsley
greengrocer,pomegranate
greengrocer,eggplant
greengrocer,apricot
greengrocer,sliced watermelon
greengrocer,melon
greengrocer,avocado
greengrocer,strawberry
greengrocer,blueberry
greengrocer,raspberry
greengrocer,cranberry
greengrocer,lychees
greengrocer,coriander
greengrocer,radish
greengrocer,cherry
greengrocer,sour cherries
greengrocer,sweet lemons
greengrocer,kiwi
greengrocer,zucchini
greengrocer,pumpkin
greengrocer,green grapes
greengrocer,honeydew melon
greengrocer,artichokes
greengrocer,arugula
greengrocer,asparagus
greengrocer,broccoli
greengrocer,broccoli rabe
greengrocer,brussels sprouts
greengrocer,cabbage
greengrocer,fresh green beans
greengrocer,celery
greengrocer,kale
greengrocer,carrot
greengrocer,cauliflower
greengrocer,peas
greengrocer,okra
greengrocer,capsicum
greengrocer,beetroot
greengrocer,fresh corn
greengrocer,fresh red chilies
greengrocer,lime
greengrocer,blackberries
greengrocer,cantaloupe
greengrocer,fig
greengrocer,fresh date
greengrocer,mango
greengrocer,bell pepper
greengrocer,fresh ginger
greengrocer,fruits
greengrocer,vegetables
bar and restaurants,bojangles
bar and restaurants,starbucks
bar and restaurants,chick-fill-a
bar and restaurants,wendy's
bar and restaurants,pizzeria
bar and restaurants,new york deli
bar and restaurants,brewing company
bar and restaurants,american tavern
bar and restaurants,caffe
bar and restaurants,steakhouse
bar and restaurants,chili's
bar and restaurants,greek restaurant
bar and restaurants,tiny deli
bar and restaurants,irish pub
bar and restaurants,kfc
bar and restaurants,mcdonald's
bar and restaurants,burger king
bar and restaurants,domino's
bar and restaurants,russian restaurant
bar and restaurants,latin restaurant
bar and restaurants,irish restaurant
bar and restaurants,seafood restaurant
bar and restaurants,thai restaurant
bar and restaurants,brunch restaurant
bar and restaurants,japanese restaurant
bar and restaurants,extravagant restaurant
bar and restaurants,mexican restaurant
bar and restaurants,barbecue restaurant
bar and restaurants,mediterranean restaurant
bar and restaurants,italian restaurant
bar and restaurants,persian restaurant
bar and restaurants,german restaurant
bar and restaurants,vietnamese restaurant
bar and restaurants,turkish restaurant
bar and restaurants,belgian restaurant
bar and restaurants,bar
bar and restaurants,cammafa pizza
bar and restaurants,poke house
bar and restaurants,old wild west
bar and restaurants,burgez
bar and restaurants,spontini
bar and restaurants,ciro kebab
bar and restaurants,kebhouze
bar and restaurants,sushi bar
bar and restaurants,all you can eat
bar and restaurants,bun burgers
bar and restaurants,chicken n chicken
bar and restaurants,granbar
bar and restaurants,grill restaurant
bar and restaurants,miyo
bar and restaurants,sushiko
bar and restaurants,drinks
bar and restaurants,beer
pastry shop,bakery
pastry shop,pastry shop
pastry shop,cookie cutter
pastry shop,pastry fondant
pastry shop,wilton syringe adapter
pastry shop,cake ring mold
pastry shop,wooden pastry brush
pastry shop,pastry wheel cutter
pastry shop,whipped cream piping bag
pastry shop,baking mat
pastry shop,cone molds for baking
pastry shop,baking basting brush
pastry shop,dough scraper
pastry shop,cake scraper
pastry shop,rolling pin
pastry shop,palette knife
pastry shop,cake icing spatula
pastry shop,baking oil brush
pastry shop,pastry blender
pastry shop,sweets
pastry shop,biscuit
pastry shop,parchment paper
pastry shop,dunkin donuts
pastry shop,almond biscuits
pastry shop,chocolate choux
pastry shop,fruits tarts
pastry shop,grandma's cake
pastry shop,caprese cake
pastry shop,chocolate croquembouche
pastry shop,millefoglie
pastry shop,birthday cake
pastry shop,cake
pastry shop,tiramisu cake
pastry shop,zeppole
pastry shop,classic cannoncini
pastry shop,mini baba
pastry shop,tiramisu
pastry shop,mini pavlovas
pastry shop,cantucci
pastry shop,occhio di bue
pastry shop,braid brioche
pastry shop,madeleine
pastry shop,cookies
pastry shop,cheesecake
pastry shop,honey balls
pastry shop,lobster tail pastry
pastry shop,ciabatta
pastry shop,baguette bread
pastry shop,cinnabon
pharmacy,sun oil control gel
pharmacy,vitamin c
pharmacy,oenobiol self-tanning capsules triple
pharmacy,iron tablets
pharmacy,multivitamins
pharmacy,pain killer
pharmacy,vitamin d3
pharmacy,heartburn medications
pharmacy,antiperspirants
pharmacy,fish oil and omega 3
pharmacy,laxatives
pharmacy,probiotics
pharmacy,children’s flu relievers
pharmacy,magnesium
pharmacy,zink pills
pharmacy,vitamin k2
pharmacy,sedative
pharmacy,sleep aids
pharmacy,ear wax removal and ear drying
pharmacy,foot repair cream
pharmacy,activated charcoal
pharmacy,lip balms
pharmacy,toddler formula powder
pharmacy,milk powder
pharmacy,organic baby food
pharmacy,digestive supplements and enzyme
pharmacy,contact lenses
pharmacy,pads & tampons
pharmacy,antibacterial gels
pharmacy,hand sanitizer sprays
pharmacy,intimate hygiene cleaning products
pharmacy,contraceptives
pharmacy,suppositories
pharmacy,ear plugs
pharmacy,allergy medication
pharmacy,sore throat medications
pharmacy,adhesive bandages
pharmacy,wound healing meditations
pharmacy,insulin needles
pharmacy,syringes
pharmacy,nasal sprays
pharmacy,runny nose medicines
pharmacy,anti-smoking aids
pharmacy,antiseptics
pharmacy,oral hygiene product
pharmacy,eye drops
pharmacy,dental floss
pharmacy,anti-inflammatory gel
pharmacy,fungal infections relief
pharmacy,covid tests
pharmacy,diarrhea relief medicines
pharmacy,pregnancy test
pharmacy,thermometers
pharmacy,first aid kits
pharmacy,mouth ulcer gels
pharmacy,inhalers for asthma
pharmacy,incontinence pads
pharmacy,b complex
pharmacy,weight loss pills
pharmacy,hair loss product
pharmacy,blood pressure monitor
pharmacy,saline
pharmacy,antibiotics
pharmacy,cold compresses for pain
pharmacy,hot compresses for pain
sport,cus membership
sport,sports supplements
sport,tennis training
sport,volleyball training
sport,sporting goods
sport,basketball training
sport,badminton training
sport,chess training
sport,football training
sport,handball training
sport,sports class registration fee
sport,reservation fee for the ski resort
sport,bow and arrow
sport,swimming pool entrance fee
sport,sports club membership
sport,boxing gloves
sport,sports bag
sport,goggles for swimming
sport,hockey stick
sport,marathon registration fee
sport,fun run registration fee
sport,martial arts course
sport,snowboard course
sport,bicycle
sport,cycling course
sport,horse riding training
sport,sports competition fee
sport,archery training
sport,gymnastics course
sport,baseball training
sport,beach volleyball registration fee
sport,climbing supplies
sport,fencing course
sport,golf equipment
sport,horse race entry fee
sport,skates
sport,ice skates
sport,karate outfit
sport,rugby training
sport,sailing course
sport,water polo course
sport,weightlifting entry fee
sport,taekwondo course
sport,surfing board
sport,snooker
sport,judo uniform
sport,advanced diving course
sport,canoeing registration fee
sport,curling sport
sport,volleyball ball
sport,badminton shuttlecocks
sport,football ball
sport,tennis racket
gym,gym registration
gym,mcfit membership
gym,orange gym membership
gym,montifitness membership
gym,gym membership fee
gym,gym self trainer
gym,gym equipment
gym,gym fitness classes
gym,pilates course
gym,yoga mat
gym,yoga registration fee
gym,self-defense course
gym,pilates ball
gym,fee for using the gym
gym,home gym equipment
gym,indoor rowing machine for home gym
gym,resistance bands
gym,adjustable lumbar band
gym,gym wrist cuffs
gym,weight lifting straps
gym,sports quick-drying towels
gym,cooling towel
gym,protein powder preparation for the sports drink
gym,professional wrist bands
gym,adjustable weight bench
gym,push-up handles
gym,encyclopedia of bodybuilding exercises
gym,non-slip gym gloves
gym,non-slip yoga mat
gym,gym straps
gym,drawstring bags for sports gym
gym,gym bag backpack
gym,sports bottle
gym,hand gripper
gym,short sleeve gym t-shirt
gym,punching bag training equipment for boxing exercise
gym,hand training finger exercise kit
gym,wrist ball
gym,set of dumbbells
gym,puzzle gymnastics fitness mat
gym,pair of fitness grommets for feet
gym,adjustable weight bench
gym,wooden gymnastic rings
gym,the practical guide to gain muscle Mass
gym,weight plate rack barbell support for the gym
gym,weight lifting hooks
gym,professional muscle electro stimulator
gym,slim gym handles
gym,anti-burst pilates ball
gym,compact dumbbell shaft
